{"cameraMode":{"drawMode":0,"name":"Shaded","section":"Shading Mode"},"sceneLighting":true,"audioPlay":false,"sceneViewState":{"showFog":true,"showMaterialUpdate":false,"showSkybox":true,"showFlares":true,"showImageEffects":true,"showParticleSystems":true},"in2DMode":false,"pivot":{"x":-0.0000014901161193847657,"y":0.3199999928474426,"z":0.0000010132789611816407},"rotation":{"x":0.054170213639736179,"y":0.9138793349266052,"z":-0.1300060898065567,"w":0.3807941675186157},"size":0.9068623781204224,"orthographic":true}